question,ground_truth,answer,contexts,Precision,Recall,F1 Score,ROUGE-1 Precision,ROUGE-1 Recall,ROUGE-1 F1,ROUGE-2 Precision,ROUGE-2 Recall,ROUGE-2 F1,ROUGE-L Precision,ROUGE-L Recall,ROUGE-L F1,BLEU
What is DriveSure?,"DriveSure is our telematics insurance product. It’s designed to capture how, when and where your car is driven, based on driver-monitoring technology. We use it to understand your driving style and give you feedback. This means we can base your premium on your driving record.","DriveSure is a telematics insurance product that captures driving data, including how, when, and where a car is driven, based on driver-monitoring technology.","['Churchill customers have access to a national \nnetwork of approved repairers. If \nyour car  is \nrepaired by one of these, they’ll deal with all aspects of your repair. What is DriveSure?\nDriveSure is our telematics insurance product. \nIt’s designed to capture how, when and where your car is driven, based on driver-monitoring technology. We use it to understand your driving style and give you feedback. This means \nwe can base your premium on your\ndriving record.', 'DriveSure policy: \n >Your cover is the same as a  Comprehensive policy. \n >Wherever Comprehensive is  mentioned in this policy booklet,  this also applies to you.', 'Some of the words and phrases we use in \nthis booklet have a specific meaning – for example, your car or modifications.\nWe’ve highlighted these words using bold type. You can find the exact meanings of  these words in the ‘Glossary’ on page 4,  or at the start of each section.\nComprehensive with DriveSure\nIf you have a Comprehensive with  \nDriveSure policy: \n >Your cover is the same as a  Comprehensive policy.', 'insurance.\n>The Green Flag breakdown cover policy \nbooklet – where this applies. \n>The DriveSure terms and conditions – where they apply. \nPolicyholder The person named as the \npolicyholder on your car insurance details.Removable electronic equipment Electronic \nequipment that is designed to be fitted to, and used in, your car, which can be removed when']",0.757816731929779,0.541327714920044,0.6480426788330078,0.40425531914893614,0.7916666666666666,0.5352112676056338,0.2826086956521739,0.5652173913043478,0.3768115942028985,0.3829787234042553,0.75,0.5070422535211269,0.12899678192189237
Is my electric car battery covered?,Your car’s battery is covered if it’s damaged as a result of an insured incident. This cover applies whether your battery is owned or leased.,"Yes, your electric car battery is covered if it is damaged as a result of an insured incident.","['Is my electric car battery covered?\nYour car’s battery is covered if it’s damaged as \na result of an insured incident. This cover applies\nwhether your battery is owned or leased.FAQs', 'Your home charger and charging cables are \nconsidered an accessory to your car. This means\nthey’re covered under ‘Section 2: Fire and theft’ or \n‘Section 4: Accidental damage’ of your policy. \nYou’re also covered for any accidents to others \ninvolving your charging cables when they are attached to your car. For example, someone tripping over your cable, as long as you have taken due care to prevent such an accident. See ‘Section 1: Liability’ on page 11. \nIs my electric car battery covered?', 'where you’re driving. You can find full details \nin ‘Where you can drive’ on page 31.\nYou may need a Green Card if you’re travelling \nabroad. If you need one, please get in touch before you travel. We also recommend you take \na European Accident Statement with you. You can\nget one at churchill.com/eas-form.pdf\nAre my electric car’s charging cables covered?\nYour home charger and charging cables are \nconsidered an accessory to your car. This means', '• A family member.\n• Someone living with you.\nLoss of value\n 8We won’t cover any reduction in the  \nmarket value of your car because it has  \nbeen repaired.\nWear and tear\n 8We won’t cover any loss or damage caused by general wear and tear or depreciation.Improvement\n 8We won’t cover any repair or replacement that improves your car beyond its condition before the loss or damage took place.\nCar failure\n 8We won’t cover any failure caused by a mechanical, electrical or computer problem.']",0.8045493960380554,0.5608137249946594,0.6805530190467834,0.5925925925925926,0.8888888888888888,0.711111111111111,0.4230769230769231,0.6470588235294118,0.5116279069767442,0.5555555555555556,0.8333333333333334,0.6666666666666667,0.37279223068198586
 what is Certificate of motor insurance?,The Certificate of motor insurance is a document that provides evidence that a policyholder has taken out the insurance they must have by law. It shows who can drive the car and the purposes for which it can be used.,A Certificate of motor insurance is a document that provides evidence that the policyholder has taken out the insurance they must have by law. It shows who can drive the car and the purposes that it can be used for.,"['>Sets out details of the cover chosen.\n>Records the information the policyholder\nhas given us.\nCar keys Physical key or device for \nsmart access provided with your car by \na manufacturer that allows you to access and/or move your car.\nCertificate of motor insurance This document \nprovides evidence that you have taken out the insurance you must have by law. It shows who can drive your car and the purposes that it can \nbe used for.\nConvertible A motor car with a removable or', 'driving itself on roads or other public places in Great Britain. Please note that your car\nmust be identified on the Secretary of State’s list of motor vehicles that may safely drive themselves. This identification may be by type, information recorded in a registration document or in some other way.Car insurance details The document that:\n>Identifies the policyholder.\n>Sets out details of the cover chosen.\n>Records the information the policyholder\nhas given us.', 'of motor insurance.\nIf the policy includes Green Flag breakdown cover:\n >Your breakdown cover and your car \ninsurance are part of the same policy.\n >The policy also includes the Green Flag \npolicy booklet we’ve given you.\nIf you have a policy that includes DriveSure:\n >The policy also includes the DriveSure terms \nand conditions we’ve given you.\nPlease read all these documents carefully  and keep them safe in case you need them.Words in bold type\nSome of the words and phrases we use in', '>If you live in Northern Ireland, the Channel Islands or the Isle of Man, you must return your certificate of motor insurance to us \nafter cancellation. This applies whether we cancel the policy or you cancel it.\nIf we need to cancel the policy \n>We can cancel the policy at any time if we \nhave a valid reason. If we have to do this, we’ll \ngive you at least 7 days’ notice. We’ll send our cancellation notice to the latest address we have for you.']",0.9727475047111511,0.9727490544319153,0.9727927446365356,0.975,0.975,0.975,0.8461538461538461,0.8461538461538461,0.8461538461538461,0.9,0.9,0.9,0.7877163545496639
Who is main driver?,"The main driver is the person you declared was the main user of your car, and who’s shown as the main driver on your car insurance details.",The main driver is the person who is declared as the main user of the car and is shown as the main driver on the car insurance details.,"['Glossary\nLoss of any limb A limb severed at or above the \nwrist or ankle, or the total and irrecoverable loss \nof use of a hand, arm, foot or leg.\nMain driver The person you declared was the \nmain user of your car, and who’s shown as the \nmain driver on your car insurance details. \nMarket value The cost of replacing your car\nwith another of the same make and model, and \nof a similar age, mileage, and condition at the time of the accident or loss.\nModifications Any changes to your car’s', 'Page 12If the main driver is driving \nanother car\nMay be included with:\nTPFT Comp Comp+\nThe main driver may be covered for liability to \nothers when driving another car. If they’re covered:\n>You’ll see this on your certificate of motor \ninsurance.\n>When the main driver drives any other car, \nwe’ll provide the same cover as ‘If you cause \nan accident’ above, as long as:\n•They aren’t covered by another insurance \npolicy.', 'DriveSure policy: \n >Your cover is the same as a  Comprehensive policy. \n >Wherever Comprehensive is  mentioned in this policy booklet,  this also applies to you.', 'Page 33Losses we don’t cover\nUse of your car\n 8We don’t cover any loss, damage, liability or \ninjury that happens while your car is being:\n• Driven by anyone who isn’t named, or  \nwho is listed as excluded, as a driver on your certificate of motor insurance or  \ncar insurance details.\n• Used for a purpose that isn’t shown as allowed on your certificate of motor \ninsurance or car insurance details.\n• Driven by someone who:\n –Doesn’t have a valid driving licence.']",0.8229981660842896,0.7634822130203247,0.7934207320213318,0.8214285714285714,0.8214285714285714,0.8214285714285714,0.5925925925925926,0.5925925925925926,0.5925925925925926,0.7857142857142857,0.7857142857142857,0.7857142857142857,0.471347851375956
what is the the number to claim?,The number to claim is 0345 878 6261,The number to claim is **0345 878 6261**.,"['If you get any communication such as any \nnotice or form from a court, any threat of legal action or similar, please contact us straight away. We’ll deal with it or tell you what you need to do. You must also give us any other relevant information, documents or help we might need to process your claim, and pay any charges for sending such information. If you’re unsure if a document is relevant, please give it to us anyway.\nAvoid increasing the amount claimed', 'Page 6Making a claim\nIf you need to claim\nThese steps will help you and enable us to \nprocess your claim quickly.\nHere are some important numbers \nyou’ll need if you have an accident\nNeed to claim?\n0345 878 6261\nWindscreen claims\n0800 328 9150\nIf you have Essentials, Comprehensive \nor Comprehensive Plus cover\nMotor legal helpline\n0345 246 2408\nIf you have Motor Legal Cover\nHelp with anything else\n0345 877 6680', 'call 101 (unless it’s an emergency).\n>Get a crime reference number from the \npolice and give it to us.\nUntil we have the crime reference number, you may temporarily lose the No Claim Discount on this policy. \nYou’re not covered for\n8Our Vandalism Promise doesn’t cover \ndamage caused by another vehicle.Section 6: Personal benefits continued', 'Need to claim?\n0345 878 6261\nWindscreen claims\n0800 328 9150\nIf you have Essentials, Comprehensive \nor Comprehensive Plus cover\nMotor legal helpline\n0345 246 2408\nIf you have Motor Legal Cover\nDriveSure help\nEmail\nSupport@churchill.com\nCall\n0345 878 6375\nIf you have a question about telematicsHelp with anything else\nFAQs\nchurchill.com/faqs\nCall\n0345 877 6680\nIf you would like a Braille, large print or audio version \nof your documents, please let us know.']",0.779615044593811,0.9475890398025513,0.862612247467041,1.0,1.0,1.0,1.0,1.0,1.0,1.0,1.0,1.0,0.5410822690539396
what is Motor legal helpline?,The motor legal helpline number is 0345 246 2408.,The Motor Legal Helpline is a 24-hour legal helpline that provides confidential legal advice on private motoring legal problems.,"['Page 24The motor legal helpline\nYou can ring the 24-hour legal helpline on \n0345 246 2408 for confidential legal advice on any private motoring legal problem. It doesn’t matter whether you intend to claim for the problem or not. \nThe helpline doesn’t advise on any claim you \nmake under your car insurance policy. It can only help with problems to do with laws that apply in the UK.', 'only pay what is reasonable and necessary for these expenses.\nHow much am I covered for?\nWe’ll provide cover up to the amount shown in ‘What your cover includes’ on page 8. The amount shown includes any VAT payable, and is the most we’ll pay for all claims, including any appeal or counterclaim to do with the same incident.Section 7: Motor Legal Cover continued\nPage 24The motor legal helpline\nYou can ring the 24-hour legal helpline on', 'If there are conflicting opinions about whether \nyour claim is likely to succeed, we’ll ask you to get an expert opinion from a barrister. We’ll agree which barrister with you.\nIf the barrister agrees with you, you won’t need \nto pay for their advice. If they don’t agree with you, you’ll have to pay the costs for their advice.Section 7: Motor Legal Cover continued', '• About a car insurance policy or claim.\n• About the purchase or sale of salvage.\n• About contracts you entered into before your Motor Legal Cover started. \n 8We don’t cover claims for any contracts  \nto do with:\n• A profession, business, trade, or any other activity that you’re paid for or that aims to make money.\n• Your employment.\n• The sale of your car, its spare parts or \naccessories, if the person who entered into the contract is not the owner.']",0.2863601744174957,0.12218205630779266,0.20425087213516235,0.5555555555555556,0.25,0.3448275862068966,0.375,0.15789473684210525,0.22222222222222218,0.5555555555555556,0.25,0.3448275862068966,0.0
tell how repairs and replacenets work,"Repairs will be carried out if they make financial sense for the company When repairs are done by the company's approved repairer, they are guaranteed for five years.If repairs are done at a repairer of the customer's choice, they are not covered by the company's guarantee.The company may decide to replace parts in the car with parts that are not made by the car's manufacturer, but are of a similar standard.The company will cover the cost of windscreen repairs and replacements, but only within certain limits.","According to the provided text, repairs and replacements work as follows:

- Repairs are carried out only if it makes financial sense for the company.


- Repairs to your car are covered by a 5-year guarantee.


- You can choose to have repairs done by the company-approved repairer or at a repairer of your choice, with prior approval.


- Parts in your car may be replaced with non-manufacturer parts of a similar standard, including recycled parts.


- The cost of unavailable parts will be reimbursed at the manufacturer's last UK price list plus reasonable fitting costs.","['Page 7Making a claim\nHow repairs and replacements work\nThis page explains how we’ll repair your car. \nWe’ll only do this if it makes financial sense for \nus to do so. For more details, see: \n>Section 2: Fire and theft on page 14. \n>Section 4: Accidental damage on page 18. \n>Section 5: Windscreen damage on page 20.\nRepairs to your car\nIf our approved repairer carries out the repairs, \nyou do not need an estimate, and you will benefit\nfrom our 5-year Guarantee. This means parts,', 'wear and tear, or a subsequent incident. \nWhere we have agreed this with you, \nreasonable and necessary repairs can be carried out at a repairer of your choice. However, you must give us full details of the incident and we must approve the repairer’s detailed assessment of the repairs before the work begins. We may then make the arrangements for the repairs ourselves. \nWhere the repairs are carried out at a repairer', 'and replacement are shown on your car \ninsurance details.\nReplacing parts in your car\nWe may decide to repair your car with \nparts that haven’t been made by your car’s \nmanufacturer, but that are of a similar \nstandard. This can include recycled parts. If any part or accessory is not available, the most we’ll pay for that part will be the cost shown in the manufacturer’s last UK price list (plus reasonable fitting costs).\nRemoving, delivering and storing your car', 'choose to either:\n>Repair – we’ll repair the damage ourselves \nor pay to repair it.\n>Replace – we’ll replace whatever is lost or damaged, if that’s more cost-effective.\n>Repay – we’ll settle your claim by sending a payment.\n‘How it works’ on page 6 tells you how we manage repairs and replacements.\nChild car seats\nIncluded with:\nEssential Comp Comp+\nIf you have a child car seat fitted to your car\nand your car  is involved in an accident, we’ll']",0.3331335783004761,0.4600846767425537,0.3968375027179718,0.5913978494623656,0.5789473684210527,0.5851063829787234,0.2608695652173913,0.2553191489361702,0.25806451612903225,0.3870967741935484,0.37894736842105264,0.3829787234042554,0.0974836347902202
amount provided for Injuries to other people?, Unlimited.,"The provided text does not contain any information regarding the amount covered for injuries to other people, so I cannot answer this question from the given context.","['Page 3FAQs\nHow much will you pay if my car is damaged?\nWhere damage to your car is covered under \nyour policy, we’ll pay the cost of repairing or \nreplacing your car up to its UK market value. \nThis is the current value of your car at the time \nof the claim. It may be different to the amount \nyou paid or any amount you provided when you insured your car with us.\nWho is covered to drive other cars?\nYour certificate of motor insurance will show \nwho has cover to drive other cars. We’ll only', '>Loss of any limb.\nHow much am I covered for?\nWe’ll cover up to the amounts shown in \n‘What your cover includes’ on page 8.\nIf there’s a claim for both you and your partner, \nthese amounts are the maximum we’ll cover in \ntotal for both people.\nIf we insure you for personal accident under \nanother of our insurance policies, U K Insurance Limited will only pay out on one of your policies.\nWe’ll only pay out once in any period of insurance.\nYou’re not covered for\n8We won’t cover:', 'Misfuelling 4Market value\nLost or damaged car keys 4 £1,000\nSection 5: Windscreen damage \nIf you use an approved \nwindscreen supplier\n84Market value\nIf you choose a different supplier for repairs 4 The amount shown in your \ncar insurance details\nIf you choose a different supplier for replacement 4 The amount shown in your \ncar insurance details\nSection 6: Personal benefits\nNew car replacement \n884Market value\nPersonal belongings 4 £250 4 £500\nPersonal accident 4 £5,000 4 £10,000', 'to pay the claimant’s costs as part of the claim.\nCover for other people\nIncluded with:\nTPFT Essential Comp Comp+\nWe’ll also cover any of the following people for \ntheir liability to others:\n>Anyone insured by this policy to drive \nyour car, if they have the policyholder’s\npermission.\n>Anyone that the policyholder allows to use, \nbut not drive, your car.\n>Anyone getting into or out of your car.\n>The legal representative of anyone covered \nif that person dies.']",-0.03598688542842865,0.5118263959884644,0.22468940913677216,0.0,0.0,0.0,0.0,0.0,0.0,0.0,0.0,0.0,0.0
amount provided Theft or attempted theft of your car,"up to £2,000.","The provided text does not include information regarding the amount covered for theft or attempted theft of your car, so I am unable to answer this question from the given context.","['Included with:\nTPFT Comp Comp+\nIf your car is damaged by fire or theft, or stolen \nand not recovered, we’ll also replace any damaged removable electronic equipment, \nas long as we haven’t sent a payment to cover replacing your car.How much am I covered for?\nWe’ll provide cover up to the amounts shown in ‘What your cover includes’ on page 8.\nYou’re not covered for\nIf your car isn’t kept secure\n8We won’t cover loss or damage to your car if \nthe person using it doesn’t take care to keep', 'Misfuelling 4Market value\nLost or damaged car keys 4 £1,000\nSection 5: Windscreen damage \nIf you use an approved \nwindscreen supplier\n84Market value\nIf you choose a different supplier for repairs 4 The amount shown in your \ncar insurance details\nIf you choose a different supplier for replacement 4 The amount shown in your \ncar insurance details\nSection 6: Personal benefits\nNew car replacement \n884Market value\nPersonal belongings 4 £250 4 £500\nPersonal accident 4 £5,000 4 £10,000', 'someone takes it by fraud or deception while pretending to be a buyer.\n8We won’t cover any loss or damage to property if anyone who uses your car:\n• Left any removable electronic equipment\nor removable in-car entertainment inside \na locked car where it could be seen.\n• Left any property in an open or convertible\ncar outside of a locked boot or locked glove compartment.\n8We won’t cover loss or damage caused by theft or attempted theft of your car if any', '8We won’t cover loss or damage caused by theft or attempted theft of your car if any \nsecurity device fitted to your car by the \nmanufacturer is not operational when your car is left unattended.']",-0.09142855554819107,0.06049075722694397,-0.014986074529588223,0.25,0.03225806451612903,0.05714285714285715,0.0,0.0,0.0,0.25,0.03225806451612903,0.05714285714285715,0.0
amount provided Accidental damage to your car,"The amount provided for accidental damage to your car is between £1,000 and £2,000","The provided text does not contain any information regarding the amount covered for accidental damage to your car, so I am unable to answer this question from the given context.","['Page 9What your cover includes\nThird Party, \nFire and Theft Essentials ComprehensiveComprehensive \nPlus\nSection 4: Accidental damage \nAccidental damage \nto your car\n84Market value\nChild car seat replacement 4 Unlimited\nIn-car entertainment fitted in your car when it was made4 Unlimited\nIn-car entertainment fitted in your car after it was made\n84 £1,000 4 £2,000\nRemovable electronic equipment4 £1,000 4 £2,000\nMisfuelling 4Market value\nLost or damaged car keys 4 £1,000', 'What we’ll do\nIf you or your partner are accidentally injured \nwhile travelling in or getting in or out of your \ncar, we’ll pay you or your legal representatives \nup to the amounts shown in ‘What your cover includes’ on page 8. \nWe’ll do this if the injury from this incident causes\nany of the following within three calendar months:\n>Death.\n>Total irrecoverable loss of sight in one or both eyes.\n>Loss of any limb.\nHow much am I covered for?\nWe’ll cover up to the amounts shown in', 'Misfuelling 4Market value\nLost or damaged car keys 4 £1,000\nSection 5: Windscreen damage \nIf you use an approved \nwindscreen supplier\n84Market value\nIf you choose a different supplier for repairs 4 The amount shown in your \ncar insurance details\nIf you choose a different supplier for replacement 4 The amount shown in your \ncar insurance details\nSection 6: Personal benefits\nNew car replacement \n884Market value\nPersonal belongings 4 £250 4 £500\nPersonal accident 4 £5,000 4 £10,000', 'Page 18Damage to your car\nWe’ll put things right if your car is damaged.\nIf you’re on:\nEssentials\nComprehensive\nComprehensive Plus\nthe cover in this section depends on \nthe type of insurance you have.\nThis cover is not included with: \nThird Party, Fire and Theft\nAccidental damage to your car\nIncluded with:\nEssential Comp Comp+\nIf your car is accidentally damaged, we can \nchoose to either:\n>Repair – we’ll repair the damage ourselves \nor pay to repair it.']",0.2531360685825348,0.3062973618507385,0.2807528078556061,0.5625,0.3,0.3913043478260869,0.4,0.20689655172413793,0.2727272727272727,0.5,0.26666666666666666,0.3478260869565218,0.1307118752097732
what are personal benefits?,"Personal benefits New car replacement: Covers the market value of your car if it's written off or stolen.Personal belongings: Reimburses up to £500 for personal items lost or damaged in an insured event.Personal accident: Provides up to £10,000 in cover for medical expenses and other costs resulting from an accident that's not your fault.Medical expenses: Covers up to £400 for medical expenses resulting from an insured event.Hotel expenses: Reimburses up to £300 for hotel costs incurred if you're away from home due to an insured event.Uninsured Driver Promise: Covers the cost of repairs or replacement if your car is damaged by an uninsured driver.","Personal benefits are additional cover that is included with certain types of car insurance, such as Essential Comp Comp+ and Comprehensive. They provide coverage for expenses that are not covered by the basic car insurance policy.","['Section 6: Personal benefits\nPersonal benefits \nThe additional cover you have as part of \nyour car insurance.\nIf you’re on:\nEssentials\nComprehensive\nComprehensive Plus\nthe cover in this section depends on the type of insurance you have.\nThis cover is not included with: \nThird Party, Fire and Theft\nUninsured Driver Promise\nIncluded with:\nEssential Comp Comp+\nIf you claim for an accident that isn’t your fault, \nand the driver of the vehicle that hits your car is', 'We’ll only pay out once in any period of insurance.\nYou’re not covered for\n8We won’t cover:\n• Any injury or death caused by suicide or \nattempted suicide.\n• Anyone who is convicted for driving while \nunder the influence of drink or drugs at the \ntime of the accident.Section 6: Personal beneﬁts\nPage 21', 'Misfuelling 4Market value\nLost or damaged car keys 4 £1,000\nSection 5: Windscreen damage \nIf you use an approved \nwindscreen supplier\n84Market value\nIf you choose a different supplier for repairs 4 The amount shown in your \ncar insurance details\nIf you choose a different supplier for replacement 4 The amount shown in your \ncar insurance details\nSection 6: Personal benefits\nNew car replacement \n884Market value\nPersonal belongings 4 £250 4 £500\nPersonal accident 4 £5,000 4 £10,000', '• Fines, penalties, compensation or damages you’re ordered to pay by a court.\n• Any dispute with us under Motor Legal Cover. However, if you have a complaint, please see ‘If you have a complaint’ on page 42.\n• Any appeal or enforcement action, unless we provided cover for the original claim.\n• Psychological injuries or mental illness, unless they were caused by something covered by the policy that also caused you \nphysical injury.']",0.08348476886749268,-0.0268908329308033,0.029260175302624702,0.1592920353982301,0.5,0.24161073825503354,0.008928571428571428,0.02857142857142857,0.013605442176870748,0.12389380530973451,0.3888888888888889,0.1879194630872483,0.0
If you cause an accident what are included?,"If you cause an accident, your insurance will cover:Injuries or deaths of others.Damages to others' property.Accidents caused by a trailer or vehicle you're towing.Accidents involving your car that are caused by electric charging cables.","If you cause an accident, the following are included in the cover:

- Physical injury to other people
- Action against another person insured by the policy if they are found to be at fault for the accident.","['Section 1: Liability\nLiability to other people (third parties)\nWe’ll cover you if you’re found to be legally \nresponsible for an accident.\nIf you’re on:\nThird Party, Fire and Theft\nEssentials\nComprehensive\nComprehensive Plus\nthe cover in this section depends on the type of insurance you have.\nIf you cause an accident\nIncluded with:\nTPFT Essential Comp Comp+\nWe’ll provide cover if you’re found to be legally responsible to other people for an accident involving your car that:', 'physical injury.\n• Action against another person insured by this policy, if that person was to blame for \nthe accident.\nIf you’re prosecuted for a motoring offence\n 8We don’t cover any offences to do with:\n• Parking, obstruction or waiting.\n• Drink or drugs.\n• Vehicle tests, such as the MOT.\n• Driving unroadworthy vehicles.  \nFor example if your car has: \n –tyre tread that is below the legal limit\n –faulty brakes\n –headlights that don’t work properly.', 'Section 6: Personal benefits\nPersonal benefits \nThe additional cover you have as part of \nyour car insurance.\nIf you’re on:\nEssentials\nComprehensive\nComprehensive Plus\nthe cover in this section depends on the type of insurance you have.\nThis cover is not included with: \nThird Party, Fire and Theft\nUninsured Driver Promise\nIncluded with:\nEssential Comp Comp+\nIf you claim for an accident that isn’t your fault, \nand the driver of the vehicle that hits your car is', '>At a coroner’s inquest or fatal accident inquiry.\n>In criminal proceedings to do with the accident.\nIt’s up to us whether we do this. If we do, we must agree to all legal costs or expenses beforehand in writing. If we agree to pay these legal costs or expenses, we’ll tell you how much we’re willing to cover.\nIf you’re deemed at fault for an incident and the \nother party have solicitors involved, we may need\nto pay the claimant’s costs as part of the claim.\nCover for other people\nIncluded with:']",0.2379266321659088,0.2374664843082428,0.23893490433692932,0.3333333333333333,0.3611111111111111,0.3466666666666667,0.13157894736842105,0.14285714285714285,0.136986301369863,0.28205128205128205,0.3055555555555556,0.29333333333333333,0.10203198615804732
Where am I covered?,"England, Scotland, Wales.","You are covered in:

- Great Britain
- Northern Ireland
- The Channel Islands
- The Isle of Man","['Page 31Where you can drive\nThe area your policy applies \n(the territorial limits)\nYour car insurance gives you the cover \ndescribed in your car insurance details in:\n>Great Britain.\n>Northern Ireland.\n>the Channel Islands.\n>the Isle of Man.\nIt also covers journeys between these places.\nPlease note: your ‘Liability for automated cars in \nGreat Britain’ cover only applies in Great Britain, \nwhich is: \n>England.\n>Scotland.\n>Wales.\nPlease see ‘Liability for automated cars in Great', 'DriveSure policy: \n >Your cover is the same as a  Comprehensive policy. \n >Wherever Comprehensive is  mentioned in this policy booklet,  this also applies to you.', 'If your cover includes \nGreen Flag breakdown \n>If your breakdown cover includes \nEuropean Breakdown, the countries covered are different to the countries your car insurance covers. See the Green Flag policy booklet for details.Where you can drive continued', 'You’re not covered in the \nrest of Europe\n8If your cover includes Motor Legal Cover, this \npart of your cover doesn’t apply outside the territorial limits, apart from for road traffic accident claims. \n8If anyone is driving a car other than your car.\n8If you have a courtesy car, it cannot be used \noutside the territorial limits.\n8If you have Guaranteed Hire Car Plus, and you have been provided with a hire car, this policy doesn’t give you cover to drive outside']",-0.14043942093849182,0.17576704919338226,0.01422854233533144,0.0,0.0,0.0,0.0,0.0,0.0,0.0,0.0,0.0,0.0
what is courtesy car?,"The courtesy car is a small hatchback, so may not be of a similar size or style to your car.",The courtesy car is a small hatchback provided as a temporary replacement for your car while it is being repaired under the terms of your insurance policy.,"['Section 3: Courtesy car\nCourtesy car\nThe courtesy car will be a small hatchback, \nso may not be of a similar size or style to your car.\nThis cover is included with: \nThird Party, Fire and Theft\nThis cover is included with: \nEssentials\nComprehensive\nif you haven’t picked Guaranteed Hire Car Plus.\nIt’s not included with: \nComprehensive Plus\nbecause it’s replaced by \nGuaranteed Hire Car Plus.\nSee page 28 to find out more about \nGuaranteed Hire Car PlusWhat we’ll do', '>Your policy will cover you (or any other \ndriver named on your certificate of motor \ninsurance) to drive the courtesy car. \n>Your cover to drive the courtesy car is \nrestricted to the limits on use and exclusions \nshown on your certificate of motor insurance, \nand in the terms of your policy. \n>A courtesy car may not be available on the day.\n>You can only drive the courtesy car within \nthe territorial limits. It cannot be used in the \nRepublic of Ireland.\nWhilst you have your courtesy car', 'Guaranteed Hire Car Plus.\nSee page 28 to find out more about \nGuaranteed Hire Car PlusWhat we’ll do\nIf you claim under section 2 or 4 of your policy\nand your car is being repaired by an approved \nrepairer:\n>You will get a courtesy car to keep you \nmobile while your car is being repaired, \nsubject to availability. \n>The courtesy car will be a small hatchback \ncar with an engine size of up to 1000cc.\n>Your policy will cover you (or any other \ndriver named on your certificate of motor', 'You’re not covered for\n8If your car is written off, or is stolen and \nnot recovered, you won’t get a courtesy car.\nPage 17Section 3: Courtesy car']",0.3752884268760681,0.414535254240036,0.39582356810569763,0.6,0.4444444444444444,0.5106382978723405,0.3684210526315789,0.2692307692307692,0.3111111111111111,0.5,0.37037037037037035,0.425531914893617,0.1892240568795935
what are not include in the cover of windscreen damage?,Dents to the bodywork Damage caused by vandalism,"- Dents to the bodywork
- Damage caused by vandalism
- Damage covered under another section of the policy","['windscreen. \n>If your car has a folding roof, we’ll replace the \nroof and rear windscreen assembly together, if this is more cost-effective than replacing the glass alone.How much am I covered for?\nWe’ll provide cover up to the amounts shown in ‘What your cover includes’ on page 8.\nYou’re not covered for\n8Any other losses covered under another section of this policy for the same incident, \nsuch as dents to the bodywork.\n8Damage caused by vandalism (this may', 'such as dents to the bodywork.\n8Damage caused by vandalism (this may \nbe covered under Section 4: Accidental Damage).\nIf your claim is only for accidental damage to your car’s windscreen, sunroof or windows, you won’t lose the No Claim Discount on this policy.\nYou’ll need to pay an excess for each \nincident you claim for.Section 5: Windscreen damage\nPage 20', 'Windscreen damage\nWe’ll help put things right if the glass in your \ncar is accidentally damaged.\nThis cover is included with: \nEssentials\nComprehensive\nComprehensive Plus\nIt’s not included with: \nThird Party, Fire and Theft\nWhat we’ll do\nWe’ll pay to: \n>Replace or repair accidentally broken glass in \nthe windscreen, sunroof or windows of your car.', 'Windscreen repairs\nWe may decide to replace your car’s glass \nwith glass that hasn’t been made by your car’s \nmanufacturer but is of a similar standard. If you arrange windscreen repairs or \nreplacement with someone who isn’t an approved windscreen supplier, you don’t need to get our approval beforehand. However, we’ll only cover a limited amount – see ‘Section 5: Windscreen damage’ on page 20.The excess amounts for windscreen repairs \nand replacement are shown on your car \ninsurance details.']",0.2569289803504944,0.602962076663971,0.4253080189228058,1.0,0.5,0.6666666666666666,1.0,0.4666666666666667,0.6363636363636364,1.0,0.5,0.6666666666666666,0.2534743707366162
cover for personal belongings in or on the car,The cover for personal belongings in or on the car is £250 to £500.,"The provided text states that the insurance covers personal belongings that are:

- Designed to be fitted to, and used in, your car.
- Can be removed when not in use.

It specifically excludes personal portable electronic or entertainment equipment.","['provide in-car entertainment that are either permanently fitted to your car, or removable. \nBut not any personal portable electronic or entertainment equipment that isn’t specifically designed to be used in your car (this may be \ncovered under the Personal Belongings cover in Section 6 of this policy).Glossary', 'Hotel expenses\nIncluded with:\nComp Comp+\nIf you cannot drive your car after an accident or \nloss that’s covered under sections 2 or 4 of this policy, we’ll cover up to the amounts shown in ‘What your cover includes’ on page 8\n.\nThe limit is the total we’ll pay for everyone in your car.Personal belongings\nIncluded with:\nComp Comp+\nWe’ll pay for personal belongings if they’re lost or damaged by fire, theft, attempted theft or accident while they’re in or on your car. We’ll', 'equipment that is designed to be fitted to, and used in, your car, which can be removed when \nnot in use. We do not cover speed assessment detection devices or any personal portable electronic or entertainment equipment (this may be covered under the Personal Belongings cover in Section 6 of this policy).\nRoad Traffic Act The Acts, laws and regulations \nthat cover driving or using cars in:\n>Great Britain.\n>Northern Ireland.\n>the Channel Islands.\n>the Isle of Man.', 'What we’ll do\nIf you or your partner are accidentally injured \nwhile travelling in or getting in or out of your \ncar, we’ll pay you or your legal representatives \nup to the amounts shown in ‘What your cover includes’ on page 8. \nWe’ll do this if the injury from this incident causes\nany of the following within three calendar months:\n>Death.\n>Total irrecoverable loss of sight in one or both eyes.\n>Loss of any limb.\nHow much am I covered for?\nWe’ll cover up to the amounts shown in']",0.031845901161432266,0.27749109268188477,0.15308864414691925,0.6428571428571429,0.23684210526315788,0.34615384615384615,0.07692307692307693,0.02702702702702703,0.04,0.42857142857142855,0.15789473684210525,0.23076923076923078,0.0
How to make a complaint?,"Please call us on 0800 051 0198 to speak to us about your problem.If you’d prefer to write to us, please send your letter to Customer Relations Manager, Churchill Court, Westmoreland Road, Bromley BR1 1DP","To make a complaint, you can:

- Call: 0800 051 0198 (UK) or +44 (0) 141 349 0193 (outside UK).
- Email: complaint.info@financial-ombudsman.org.uk
- Phone: 0300 123 9123 or 0800 023 4567 (UK)
- Write to: Financial Ombudsman Service, Exchange Tower, London E14 9SR.","['Page 42If you have a complaint\nHow we can help \nIf something’s not right, please call us on:\n>0800 051 0198 if you’re in the UK.\n>+44 (0) 141 349 0193 if you’re outside the UK. \nHow to make a complaint\nWe understand that things don’t always go to \nplan and there may be times when you feel we’ve let you down. If this happens, we want you to tell us. We’ll do our best to put things right as soon as possible, or explain something we could have made clearer.', 'You can contact them by:\nEmail: complaint.info@financial-ombudsman.org.uk\nPhone: UK: 0300 123 9123 or 0800 023 4567\nAbroad: +44 (0) 20 7964 0500Writing to: Financial Ombudsman Service, \nExchange Tower, London E14 9SRTheir website also has a great deal of useful \ninformation: www.financial-ombudsman.org.uk\nIf your complaint is to do with your \nMotor Legal Cover\nIf your complaint relates to Section 7: Motor', 'you. We’ll aim to resolve most issues within three working days of receiving your complaint.\nIf your complaint can’t be resolved within three \nworking days, we’ll contact you to let you know who’ll be dealing with it, and what the next steps are.\nWe’ll keep you updated regularly. You’ll also \nreceive the following written communication from us, depending on how long it takes us to resolve your complaint.\nCommunication type When will you get this? What will it tell you?', 'Independent review\nIf we don’t complete our investigations within \n8 weeks of receiving your complaint, or you’re unhappy with our response, you may ask the Financial Ombudsman Service (FOS) to look at your complaint. This is a free and independent service. If you decide to contact them, you should do so within 6 months of our response letter. Referring your case to the FOS will not affect your legal rights. \nYou can contact them by:\nEmail: complaint.info@financial-ombudsman.org.uk']",-0.03592498227953911,0.14863038063049316,0.05618700757622719,0.21621621621621623,0.17777777777777778,0.1951219512195122,0.08333333333333333,0.06818181818181818,0.075,0.16216216216216217,0.13333333333333333,0.14634146341463417,0.0
When will I get the acknowledgement,If we’ve been unable to resolve your complaint to your satisfaction within 3 working days of receiving your complaint.?,The acknowledgement will be sent when the company has been unable to resolve your complaint to your satisfaction within 3 working days of receiving your complaint.,"['Acknowledgement If we’ve been unable to resolve your \ncomplaint to your satisfaction within 3 working days of receiving your complaint.It will let you know our complaint handling process and information about the Financial Ombudsman Service.', 'Communication type When will you get this? What will it tell you?\nSummary Resolution CommunicationIf we’ve been able to resolve your complaint to your satisfaction within 3 working days of receiving your complaint.It will let you know your complaint has been resolved and tell you about the Financial Ombudsman Service (FOS).\nAcknowledgement If we’ve been unable to resolve your', 'you. We’ll aim to resolve most issues within three working days of receiving your complaint.\nIf your complaint can’t be resolved within three \nworking days, we’ll contact you to let you know who’ll be dealing with it, and what the next steps are.\nWe’ll keep you updated regularly. You’ll also \nreceive the following written communication from us, depending on how long it takes us to resolve your complaint.\nCommunication type When will you get this? What will it tell you?', 'Final Response If we’ve been unable to resolve your \ncomplaint within 3 working days, we’ll send you our Final Response when we’ve completed our investigations. We’ll do our best to send this at the earliest opportunity.This is a detailed response, which will outline:\n>our investigation\n>the decision\n>any next steps.\nIt will also provide information about \nthe Financial Ombudsman Service.']",0.6038923859596252,0.6438702940940857,0.6244214177131653,0.85,0.6538461538461539,0.7391304347826088,0.8421052631578947,0.64,0.7272727272727272,0.85,0.6538461538461539,0.7391304347826088,0.5906871848918501
 If my complaint is to do with your Motor Legal Cover?,"If your complaint relates to Section 7: Motor, you can contact the Financial Ombudsman Service by email, phone, or writing. Their contact information is provided in the text.","If your complaint is to do with your Motor Legal Cover, you can contact the Financial Ombudsman Service by:

* Email: complaint.info@financial-ombudsman.org.uk
* Phone: UK: 0300 123 9123 or 0800 023 4567
* Writing to: Financial Ombudsman Service, Exchange Tower, London E14 9SR
* Their website also has a great deal of useful information: www.financial-ombudsman.org.uk","['You can contact them by:\nEmail: complaint.info@financial-ombudsman.org.uk\nPhone: UK: 0300 123 9123 or 0800 023 4567\nAbroad: +44 (0) 20 7964 0500Writing to: Financial Ombudsman Service, \nExchange Tower, London E14 9SRTheir website also has a great deal of useful \ninformation: www.financial-ombudsman.org.uk\nIf your complaint is to do with your \nMotor Legal Cover\nIf your complaint relates to Section 7: Motor', 'If there are conflicting opinions about whether \nyour claim is likely to succeed, we’ll ask you to get an expert opinion from a barrister. We’ll agree which barrister with you.\nIf the barrister agrees with you, you won’t need \nto pay for their advice. If they don’t agree with you, you’ll have to pay the costs for their advice.Section 7: Motor Legal Cover continued', 'Page 25Section 7: Motor Legal Cover\nYou’re not covered for\n 8We don’t cover:\n• Legal claims for any loss or damage that’s \nalready covered by this policy or any other \ninsurance policy.\n• Claims that are to do with an incident that happened before your cover started.\n• Any costs that we haven’t agreed to, or any \ncosts that relate to the period before we accept your claim.\n• Fines, penalties, compensation or damages you’re ordered to pay by a court.', 'only pay what is reasonable and necessary for these expenses.\nHow much am I covered for?\nWe’ll provide cover up to the amount shown in ‘What your cover includes’ on page 8. The amount shown includes any VAT payable, and is the most we’ll pay for all claims, including any appeal or counterclaim to do with the same incident.Section 7: Motor Legal Cover continued\nPage 24The motor legal helpline\nYou can ring the 24-hour legal helpline on']",-0.09045079350471497,0.38717395067214966,0.1385546177625656,0.7142857142857143,0.3333333333333333,0.4545454545454545,0.37037037037037035,0.1694915254237288,0.2325581395348837,0.6785714285714286,0.31666666666666665,0.4318181818181818,0.13461653274874433
if the cancellation or removal happens after the 14-day cooling off period,"If the cancellation or removal happens after the 14-day cooling off period, the company will charge for the time the cover was in effect plus an administration fee, and refund any remaining premium paid.","**If the cancellation or removal happens after the 14-day cooling off period, a charge will be made for the time the cover was in effect, plus an administration fee. Any remaining premium paid will be refunded.**","['your 14-day cooling-off period\nWe’ll charge for the time you’ve had cover, and \nrefund the rest of the premium paid.\nIf the cancellation or removal happens after \nthe 14-day cooling off period \nWe’ll charge for the time you’ve had cover, \nplus an administration fee, and refund any remaining premium paid.How the policy works continued\nPage 38', 'You can cancel the policy, or remove \nany optional cover (including Green Flag \nbreakdown cover) you’ve added, at any time – just get in touch with us. The text below explains whether we’ll charge you and how much we’ll refund in each situation. \nIf the cancellation or removal happens before \nyour cover starts\nWe’ll give a full refund.\nIf the cancellation or removal happens during \nyour 14-day cooling-off period\nWe’ll charge for the time you’ve had cover, and', 'the money you owe. \n>The cooling-off period is 14 days from the policy start date, or when you receive the policy documents, whichever is later.>You can find the administration fee mentioned above on your car insurance \ndetails.\n>If you decide to cancel the policy, we’ll give \nyou proof of any No Claim Discount. This will include any reduction due to claims you’ve made while insured with us. See ‘No Claim Discount (NCD)’ on page 40 for more about this. Other insurers may ask for this proof.', 'If you remove your Guaranteed Hire Car Plus \nafter this 14-day period, we’ll give you a refund that reflects the number of days of cover you’ve had, unless we’ve provided you with a hire car\nduring that time. If we’ve provided you with a hire car, you’ll need to pay the Guaranteed Hire Car Plus premium for the whole period \nof insurance.']",0.7805956602096558,0.8672508001327515,0.8238855600357056,0.9142857142857143,0.8648648648648649,0.888888888888889,0.7647058823529411,0.7222222222222222,0.7428571428571428,0.8571428571428571,0.8108108108108109,0.8333333333333334,0.4959075018887372
what is car sharing?,"Car sharing is an arrangement where individuals can share and use a car without owning it, typically for payment.","The provided text defines car sharing as an arrangement where someone allows others to drive their car in exchange for payment, primarily for passenger transport.","['Car sharing\nThe policy covers anyone insured to drive \nyour car as part of a car sharing arrangement \n(carrying passengers for payment). This is so long as: \n>Your car isn’t made or adapted to carry more \nthan 8 passengers and a driver. \n>You’re not carrying the passengers as part of a business. \n>You’re not making a profit from the passengers’ payments or making a profit from allowing someone to drive.\n>You’re not renting your car out or using a \npeer-to-peer hire scheme to do so.', '>You’re not renting your car out or using a \npeer-to-peer hire scheme to do so. \nIf you’re not sure whether we’ll cover your car if \nit’s used as part of a car sharing arrangement, please get in touch.\nWhen we can act on your behalf\nWe’re entitled to do either of the following: \n>Take over and carry out the negotiation, \ndefence or settlement of any claim in your name, or in the name of any other person covered by this policy.', 'be used for.\nConvertible A motor car with a removable or \nretractable roof. These may be referred to as \ncabriolets, roadsters, soft-tops or hard-tops.\nCourtesy car A small hatchback car, or similar \ncar, that an approved repairer supplies to you \ntemporarily on our behalf. Cyber event An unauthorised, malicious or \ncriminal act that creates, or intends to create, \nan outcome that includes, but is not limited to:\n>Interruption to electronic communications.', 'Page 28About Guaranteed Hire Car Plus\nWe’ll aim to give you a hire car of a similar \nsize to yours, if your car is damaged in an incident, written off or stolen. \nThis cover is included with: \nComprehensive Plus\nIt’s an optional extra for:\nEssentials\nComprehensive\nCheck your car insurance details to see if this cover is included.\nIt’s not included with: \nThird Party, Fire and Theft\nWords with a specific meaning \nWhen we use these words or terms in this']",0.3454298973083496,0.4419754147529602,0.39425307512283325,0.42105263157894735,0.32,0.3636363636363636,0.2222222222222222,0.16666666666666666,0.1904761904761905,0.42105263157894735,0.32,0.3636363636363636,0.0
People involved in this contract,The people involved in the contract are the policyholder and U K Insurance Limited.,"- The legal representative of anyone covered.
- The employer or business partner of anyone covered while their car is being used for business purposes.
- The owner of accessories, if the person who entered into the contract is not the owner.","['We may also involve the relevant authorities who can bring criminal proceedings. \nOther insurance\nIf any loss, damage or liability is also covered \nby another insurance policy, we won’t cover more than our share of the claim, unless you’re claiming for Personal accident (see ‘Personal accident’ on page 21).\nPeople involved in this contract\nThis policy is a contract between the \npolicyholder and U K Insurance Limited. Nobody', '>The legal representative of anyone covered \nif that person dies.\n>The employer or business partner of anyone covered while your car is being used for \nbusiness purposes, if your certificate of \nmotor insurance includes business use.\nPage 11', 'accessories, if the person who entered into the contract is not the owner.\n• Loans, borrowing or other financial services contracts.', 'Page 41Everything else\nEverything else\nOur contract with you\nWe aim to always be fair and reasonable and to \nact quickly whenever you need to make a claim under this policy. If you feel we haven’t met this, \nwe’ll try to do everything possible to deal with your complaint quickly and fairly.\nThis policy is evidence of the contract between \nyou and us, U K Insurance Limited, and is based \non information you’ve given to us.\nIn return for receiving and accepting the']",0.02250692807137966,0.0939311534166336,0.059496138244867325,0.2857142857142857,0.10256410256410256,0.1509433962264151,0.07692307692307693,0.02631578947368421,0.0392156862745098,0.2857142857142857,0.10256410256410256,0.1509433962264151,0.0
what are the losses they dont cover?,"Loss of use of a car.Travel costs.Loss of earnings.Loss or damage to a trailer or vehicle being towed.Loss or damage caused by failure or partial failure of a computer or computer system.Loss or partial loss of electronic data.Repair, replacement or restoration of electronic data.A cyber event.Legal costs or expenses.","The policy does not cover:

- Loss or damage caused by computer or computer systems.
- Loss or partial loss of electronic data.
- Repair, replacement or restoration of electronic data.
- Cyber events.
- Indirect losses such as losing the use of a car, travel costs, or loss of earnings.
- Loss or damage to a trailer or vehicle being towed.","['Cyber\n 8We don’t cover any loss, damage, legal \nliability, cost or expense caused by:  \n• Failure, or partial failure of any computer  \nor computer system  .\n• Loss or partial loss of any electronic data.  \n• Repair, replacement or restoration of any \nelectronic data  .\n• A cyber event.Losses we don’t cover', 'If you’re in a road traffic accident\nYou can use this cover if you’re in a road traffic \naccident with a moving vehicle, as defined by the Road Traffic Act, where someone else is \nto blame. \nWe’ll pay the costs to help you claim your \nuninsured losses from the person who was to \nblame for the accident. \nExamples of the uninsured losses you may \nclaim for include:\n>Compensation for your death or bodily injury.\n>Accident repair costs if you don’t have', '• Fines, penalties, compensation or damages you’re ordered to pay by a court.\n• Any dispute with us under Motor Legal Cover. However, if you have a complaint, please see ‘If you have a complaint’ on page 42.\n• Any appeal or enforcement action, unless we provided cover for the original claim.\n• Psychological injuries or mental illness, unless they were caused by something covered by the policy that also caused you \nphysical injury.', 'the policy.\nLoss of use\n 8We won’t cover any indirect losses suffered because of an incident, unless we’ve stated otherwise elsewhere in this policy. For \nexample, we won’t cover:\n• Losing the use of your car.\n• Travel costs.\n• Loss of earnings.\nTowing\n 8We won’t cover any loss or damage to any trailer or vehicle that your car is towing, or \nany contents of a trailer or vehicle on tow. Losses we don’t cover']",0.281247079372406,0.39543482661247253,0.3388013541698456,0.8070175438596491,0.8214285714285714,0.8141592920353982,0.7142857142857143,0.7272727272727273,0.7207207207207208,0.47368421052631576,0.48214285714285715,0.47787610619469023,0.3004656937050339
what are the Essentials?,"According to the provided text, Essentials is a car insurance package that includes coverage for medical expenses in case of an accident, personal injury protection, and coverage for stolen car keys.",The Essentials section of the insurance policy includes coverage for medical expenses incurred due to car accidents and personal injuries sustained by the policyholder or their partner.,"['rest of Europe\nThird Party, Fire and Theft\nTPFT\nYou can add Foreign Use Extension to give you \nthe same level of cover under ‘Liability to other people (third parties)’ in section 1 (excluding any cover the main driver has when driving another car) and section 2 as you have within the territorial limits in the countries listed in the \n‘Countries where you have minimum cover’. \nYou’ll need to pay extra to add this and get in \ntouch before your trip starts. \nEssentials\nEssential', 'Included with:\nEssential Comp Comp+\nIf your car is in an accident and people are \ninjured, we’ll cover medical expenses if needed. This is so long as no other car insurance policy covers the cost. We’ll cover up to the amounts shown in ‘What your cover includes’ on page 8.\nPersonal accident\nIncluded with:\nEssential Comp Comp+\nWe’ll help if you or your partner are accidentally \ninjured or killed in a car accident involving your car.\nWhat we’ll do\nIf you or your partner are accidentally injured', 'touch before your trip starts. \nEssentials\nEssential\nYou can add Foreign Use Extension to give you the same level of cover under ‘Liability to other people (third parties)’ in section 1 and sections 2, 4 and 5 as you have within the territorial \nlimits in the countries listed in the ‘Countries where you have minimum cover’. \nYou’ll need to pay extra to add this and get in \ntouch before your trip starts. \nComprehensive\nComp', 'Page 16Theft of car keys \nWe’ll cover your stolen car keys.\nThis cover is included with: \nEssentials\nComprehensive\nComprehensive Plus\nThis cover is not included with: \nThird Party, Fire and Theft\nWhat we’ll do\nWe’ll replace your stolen car keys and the locks \nthey fit, including any locksmith charges.\nYou must take all reasonable steps to protect \nyour car keys from theft.\nIf your keys are stolen, you’ll need to pay the theft excess. You’ll need to report this theft to']",0.3995513617992401,0.4529978036880493,0.4270748794078827,0.4838709677419355,0.5555555555555556,0.5172413793103449,0.16666666666666666,0.19230769230769232,0.17857142857142855,0.3548387096774194,0.4074074074074074,0.3793103448275862,0.14225797902192083
How much am I covered for?,"The provided text does not specify the exact amount of coverage for travel expenses related to court appearances abroad. It states that the coverage is up to £250, but it does not elaborate on any specific limitations or deductibles.","The provided text does not specify the exact amount of coverage for travel expenses related to court appearances abroad. It states that the amount is shown on page 8 of the document, but it does not provide the actual figure.","['accident within the territorial limits\nor when driving abroad.\n>Someone not insured by this cover is more than 50% to blame.\nWe’ll also cover up to £250 for travel expenses you can’t claim elsewhere if you have to go to a court abroad, as a claimant or witness. We’ll \nonly pay what is reasonable and necessary for these expenses.\nHow much am I covered for?', 'only pay what is reasonable and necessary for these expenses.\nHow much am I covered for?\nWe’ll provide cover up to the amount shown in ‘What your cover includes’ on page 8. The amount shown includes any VAT payable, and is the most we’ll pay for all claims, including any appeal or counterclaim to do with the same incident.Section 7: Motor Legal Cover continued\nPage 24The motor legal helpline\nYou can ring the 24-hour legal helpline on', 'Page 8We’ll provide cover up to the amounts shown below, depending on the type of claim and the level of cover.\nPlease see under each section for further details and any restrictions. If the section of your policy you are \nlooking to claim under includes an excess, we’ll pay you up to the amount shown in the table after your \nexcess has been deducted.What your cover includes\nThird Party, \nFire and Theft Essentials ComprehensiveComprehensive \nPlus\nSection 1: Liability', '>Loss of any limb.\nHow much am I covered for?\nWe’ll cover up to the amounts shown in \n‘What your cover includes’ on page 8.\nIf there’s a claim for both you and your partner, \nthese amounts are the maximum we’ll cover in \ntotal for both people.\nIf we insure you for personal accident under \nanother of our insurance policies, U K Insurance Limited will only pay out on one of your policies.\nWe’ll only pay out once in any period of insurance.\nYou’re not covered for\n8We won’t cover:']",0.6923366785049438,0.6402778625488281,0.6667274236679077,0.7435897435897436,0.725,0.7341772151898733,0.6578947368421053,0.6410256410256411,0.6493506493506495,0.717948717948718,0.7,0.708860759493671,0.6321116645505305
who is covered?, The policyholder. Named as a driver on your certificate of motor insurance and car insurance details.> The registered keeper of your car. A passenger – so long as it’s a motoring offence or a road traffic accident case.,"The following people are covered under the policy:

- The policyholder
- Anyone else insured by the policy to drive the car with the policyholder's permission
- Anyone allowed by the policyholder to use the car, but not drive it
- Anyone getting into or out of the car
- The legal representative of anyone covered if that person dies","['>The legal representative of anyone covered \nif that person dies.\n>The employer or business partner of anyone covered while your car is being used for \nbusiness purposes, if your certificate of \nmotor insurance includes business use.\nPage 11', 'You can find out more at \nchurchill.com/help-and-supportWords with a specific meaning \nWhen we use these words or terms in this sub-section they have these specific meanings (unless we say differently).\nInsured person The policyholder and anyone \nelse insured by this policy to drive your \nautomated car with your permission. \nWhere am I covered? \nWe’ll only provide the cover in this sub-section \nin Great Britain, which is:\n>England.\n>Scotland.\n>Wales.\nThis is because this sub-section has been', 'to pay the claimant’s costs as part of the claim.\nCover for other people\nIncluded with:\nTPFT Essential Comp Comp+\nWe’ll also cover any of the following people for \ntheir liability to others:\n>Anyone insured by this policy to drive \nyour car, if they have the policyholder’s\npermission.\n>Anyone that the policyholder allows to use, \nbut not drive, your car.\n>Anyone getting into or out of your car.\n>The legal representative of anyone covered \nif that person dies.', 'We may also involve the relevant authorities who can bring criminal proceedings. \nOther insurance\nIf any loss, damage or liability is also covered \nby another insurance policy, we won’t cover more than our share of the claim, unless you’re claiming for Personal accident (see ‘Personal accident’ on page 21).\nPeople involved in this contract\nThis policy is a contract between the \npolicyholder and U K Insurance Limited. Nobody']",-0.09255418181419373,0.023312203586101532,-0.03362102061510086,0.2894736842105263,0.19642857142857142,0.23404255319148937,0.02702702702702703,0.01818181818181818,0.021739130434782608,0.21052631578947367,0.14285714285714285,0.1702127659574468,0.0
what are terms of appointment?,Aseparatecontract we make with the appointed representative if they’re not a preferred law firm. It sets out: The amounts we will pay the appointed representative. Their responsibilities to report to us.,"The terms of appointment are a separate contract that we make with the appointed representative if they're not a preferred law firm. This contract sets out:

- The amounts we will pay the appointed representative.
- Their responsibilities to report to us.
- Their costs from the date they agree to our terms of appointment.","['For motoring offence claims When we and the \nappointed representative agree that there’s a higher than 50% chance that you can achieve any of the following:\n>Reduce your sentence or fine.\n>Make a successful appeal.\n>Make a successful defence of an appeal.\nTerms of appointment A separate contract \nwe make with the appointed representative\nif they’re not a preferred law firm. It sets out:\n>The amounts we will pay the appointed \nrepresentative.', '>From a preferred law firm that we suggest.\n>Your own choice of appointed representative\n– however you can’t choose your own appointed representative if it’s a contract dispute until it’s necessary to take your claim to court, or if there’s a conflict of interest.\nIf you choose an appointed representative who \nisn’t from a preferred law firm, they must agree \nto our terms of appointment. We’ll only cover \ntheir costs from the date they agree to our terms \nof appointment .', '>The amounts we will pay the appointed \nrepresentative.\n>Their responsibilities to report to us.Section 7: Motor Legal Cover', 'their costs from the date they agree to our terms \nof appointment .\nYou’ll have a separate contract with your appointed representative. If they charge any costs that we don’t agree, you’ll be responsible for paying these.\nChecking whether your claim has a reasonable \nchance of succeeding\nBefore we go ahead, we must agree with your \nappointed representative that your claim has a reasonable chance of succeeding. We will']",0.4858802855014801,0.6720925569534302,0.5781046152114868,0.9375,0.5660377358490566,0.7058823529411765,0.9032258064516129,0.5384615384615384,0.6746987951807228,0.9375,0.5660377358490566,0.7058823529411765,0.37524307515909466
Changing your policy,"You can make a temporary or permanent change to the policy at any time during the year.If you do this, you may have to pay an administration fee as well as any additional premium. Please see your car insurance details for more information on the administration fee.","**1. What are the reasons to change your car insurance policy?**

- Changes in car usage
- Modifications made to the car
- Addition of another driver
- Change to a higher level of cover


**2. What is the consequence of not informing the insurer of changes?**

- Invalidation of the policy
- Reduced or denial of claims


**3. When must you inform the insurer about changes?**

- Before cover starts
- After cover starts","['or convictions that you haven’t already told us about.\n>There are any changes to how your car is \nused, for example if you change from social, domestic and pleasure use to business use.\n>There are any modifications made to \nyour car (see ‘Modifications to your car’ on page 36).\n>You want to add another driver to the policy, \nor make any other change to who can drive your car.\n>You want to change to a higher level of cover, for example from Third Party, Fire and Theft to Comprehensive.', '>Any insurance cancelled by another insurer for fraud or misrepresentation.\nIf you don’t tell us about changes\nIf you don’t provide correct and complete \ninformation or inform us of any changes, this could invalidate your policy or mean we don’t \npay claims in full or at all. \nChanging your policy\nYou can make a temporary or permanent change to the policy at any time during the \nyear. \nIf you do this, you may have to pay an', '>Start legal proceedings in your name, or in the name of any other person connected to this policy. This can be for your benefit or \nour own benefit.Telling us about changes\nBefore your cover starts\nYou must tell us if anything has changed since \nyou received your quote. For example, you must tell us if:\n>Anything about your car changes.\n>You or any other driver have any claims \nor convictions that you haven’t already told us about.\n>There are any changes to how your car is', 'After your cover starts\nYou must tell us as soon as possible if:\n>You change the address where your car is \nnormally kept overnight.\n>Anyone covered by the policy changes their \noccupation.\n>Anyone covered by the policy passes their \ndriving test.\n>Any contact details change, for example, \nyour email address.\n>Any other policyholder details change. \nYou can see the details we have on your car insurance details.']",-0.08775557577610016,0.11522641777992249,0.013264763168990612,0.3125,0.22388059701492538,0.26086956521739135,0.10638297872340426,0.07575757575757576,0.08849557522123894,0.14583333333333334,0.1044776119402985,0.1217391304347826,0.0
who is your regulator,"U K Insurance Limited is authorised by the Prudential Regulation Authority and regulated by the Financial Conduct Authority and the Prudential Regulation Authority under registration number 202810. The Financial Conduct Authority website, which includes a register of all regulated firms, can be visited at www.fca.org.uk, or the Financial Conduct Authority can be contacted on 0800 111 6768.",The regulator of U K Insurance Limited is the Financial Conduct Authority and the Prudential Regulation Authority.,"['Our regulator\nU K Insurance Limited is authorised by the \nPrudential Regulation Authority and regulated by the Financial Conduct Authority and the Prudential Regulation Authority under registration number 202810. The Financial Conduct Authority website, which includes a register of all regulated firms, can be visited at www.fca.org.uk, or the Financial Conduct Authority can be contacted on 0800 111 6768.\nFinancial Services Compensation Scheme\nGeneral insurance claims are covered by the', 'any documents, information or advice that they have or know about, if we ask.\nYou must not take any action that hasn’t been agreed by us or your appointed representative.\nIf your appointed representative refuses to continue acting, or if you dismiss them\nIf either of the following happens, we’ll end \ncover for your costs immediately, unless we \nagree to a different appointed representative:\n>Your appointed representative stops acting', '>Refuse or withdraw from the claim.\n>Refuse to cover costs – even if we’ve already \nagreed to them.\n>Ask you to reimburse costs that we’ve \nalready paid.\nChoosing who represents you\nYou can choose an appointed representative to \nlook after your interests. This will include looking \nafter your interests in any inquiry or other court\nproceedings, or if there’s any conflict of interest. Your appointed representative can be:\n>From a preferred law firm that we suggest.', '>The legal representative of anyone covered \nif that person dies.\n>The employer or business partner of anyone covered while your car is being used for \nbusiness purposes, if your certificate of \nmotor insurance includes business use.\nPage 11']",0.5143249034881592,0.08626028150320053,0.2926836907863617,0.2833333333333333,1.0,0.4415584415584416,0.2033898305084746,0.75,0.32,0.23333333333333334,0.8235294117647058,0.3636363636363636,0.06210687884968815
what is track day,"Track day When your car is driven on a racing track, on an airfield or at an off-road event.","Track day is when your car is driven on a racing track, an airfield, or at an off-road event.","['>Great Britain.\n>Northern Ireland.\n>the Channel Islands.\n>the Isle of Man.\nTerms The terms, exclusions, conditions and \nlimits that apply to the policy.\nTerritorial limits>Great Britain.\n>Northern Ireland.\n>the Channel Islands.\n>the Isle of Man.\nTrack day When your car is driven on a racing \ntrack, on an airfield or at an off-road event.\nTrailer A trailer that has been specially built to \nbe towed by a car.Vandalism Damage caused by a malicious', 'Modifications Any changes to your car’s \nstandard specification, including optional \nextras. \nModifications include changes to the \nappearance or the performance of your car, \nincluding wheels, suspension, bodywork and engine. Please note this is not a complete list. Modifications include changes made to your \ncar by a previous owner.\nNCD owner The person who has earned the \nNo Claim Discount (NCD) that is in use on this \npolicy.\nPartner Your husband, wife, or civil partner, or', 'be used for.\nConvertible A motor car with a removable or \nretractable roof. These may be referred to as \ncabriolets, roadsters, soft-tops or hard-tops.\nCourtesy car A small hatchback car, or similar \ncar, that an approved repairer supplies to you \ntemporarily on our behalf. Cyber event An unauthorised, malicious or \ncriminal act that creates, or intends to create, \nan outcome that includes, but is not limited to:\n>Interruption to electronic communications.', '8We won’t cover any loss, damage, liability or injury caused by using your car in any area \nwhere aircraft normally operate, such as any area where aircraft take off, land and/or park.\nSpeed assessment equipment\n 8We won’t cover any loss or damage to a speed assessment detection device.\nUse on Nürburgring Nordschleife\n 8We won’t cover any loss, damage, liability or injury that happens when your car is']",0.7895561456680298,0.8102523684501648,0.8002109527587891,0.95,0.95,0.9500000000000001,0.8421052631578947,0.8421052631578947,0.8421052631578947,0.95,0.95,0.9500000000000001,0.6004981752197522
